part_number;marca;modelos;operacion;detalle
7C3Z9601A;FORD;F-150;Filtro de Aire Motor;F-150 FHEV Platinium 4x4 (2023) | F-150 Lariat Sport (2023) | F-150 Lariat Sport Luxury (2023) | F-150 Platinium 4x4 (2023) | F-150 Raptor (2023) | F-150 XLT 4x2 (2023)
9X2Z6268A;FORD;Ranger;Correa de distribución;Ranger Limited + Auto (2024) | Ranger XLT 4x4 Auto (2024)
AA5Z6714A;FORD;F-150, Transit;Filtro de Aceite;F-150 FHEV Platinium 4x4 (2023) | F-150 Platinium 4x4 (2023) | F-150 Raptor (2023) | F-150 XLT 4x2 (2023) | F-150 XLT 4x4 (2023) | F-150 XLT 4x4 5.0 (2023)
BK2Z19N619A;FORD;Transit;Filtro de Cabina o Antipolen;Transit V362 Custom Van VMT6 4x2 FWD (2023) | Transit Chasis BEV - 4x2 RWD (2024) | Transit VAN BEV - 4x2 RWD (2024) | Transit V362 Custom Van VMT6 4x2 FWD (2024) | Transit V363 Bus 10R80 4x2 RWD (2024) | Transit V363 Bus MT82 4x2 RWD (2024)
BK3Z9601B;FORD;Transit;Filtro de Aire Motor;Transit V363 Bus 10R80 4x2 RWD (2024) | Transit V363 Bus MT82 4x2 RWD (2024) | Transit V363 Chasis VMT6 4x2 RWD (2024) | Transit V363 Van 10R80 4x2 RWD (2024) | Transit V363 Van MT82 4x2 RWD (2024) | Transit V710 Custom Van 8F57 4x2 FWD (2024)
BL3Z8620C;FORD;F-150;Correa de Accesorios;F-150 XLT 4x2 (2023) | F-150 XLT 4x4 (2023) | F-150 XLT 4x2 (2024) | F-150 XLT 4x4 (2024)
BL3Z8620G;FORD;F-150;Correa de Accesorios A/C;F-150 Lariat Sport (2023) | F-150 Lariat Sport Luxury (2023) | F-150 XLT 4x4 5.0 (2023) | F-150 Lariat Sport (2024) | F-150 Lariat Sport Luxury (2024) | F-150 XLT 4x4 5.0 (2024)
BR3Z8620S;FORD;F-150;Correa de Accesorios A/C;F-150 XLT 4x2 (2023) | F-150 XLT 4x4 (2023) | F-150 XLT 4x2 (2024) | F-150 XLT 4x4 (2024)
CYFS12YRT3;FORD;F-150, Ranger;Bujías de Encendido;F-150 FHEV Platinium 4x4 (2023) | F-150 Platinium 4x4 (2023) | F-150 Raptor (2023) | Ranger Raptor Auto (2023) | F-150 FHEV Platinium 4x4 (2024) | F-150 Platinium 4x4 (2024)
GK2Z9365A;FORD;Transit;Filtro de Combustible;Transit V362 Custom Van VMT6 4x2 FWD (2023) | Transit V362 Custom Van VMT6 4x2 FWD (2024) | Transit V363 Bus 10R80 4x2 RWD (2024) | Transit V363 Bus MT82 4x2 RWD (2024) | Transit V363 Chasis VMT6 4x2 RWD (2024) | Transit V363 Van 10R80 4x2 RWD (2024)
GK2Z9601B;FORD;Transit;Filtro de Aire Motor;Transit V362 Custom Van VMT6 4x2 FWD (2023) | Transit V362 Custom Van VMT6 4x2 FWD (2024)
GK3Z8620B;FORD;Transit;Correa de Accesorios - Bomba Ref.;Transit V363 Bus 10R80 4x2 RWD (2024) | Transit V363 Bus MT82 4x2 RWD (2024) | Transit V363 Chasis VMT6 4x2 RWD (2024) | Transit V363 Van 10R80 4x2 RWD (2024) | Transit V363 Van MT82 4x2 RWD (2024) | Transit V710 Custom Van 8F57 4x2 FWD (2024)
HG9Z6268B;FORD;Ranger, Transit;Correa de distribución;Ranger XL 4x2 Man (2024) | Ranger XL 4x4 Man (2024) | Ranger XLS 4x2 Man (2024) | Ranger XLS 4x4 Man (2024) | Ranger XLT 4x2 Auto (2024) | Ranger XLT 4x4 Bi- Turbo (2024)
HG9Z8620B;FORD;Transit;Correa de Accesorios;Transit V362 Custom Van VMT6 4x2 FWD (2023) | Transit V362 Custom Van VMT6 4x2 FWD (2024) | Transit V363 Bus 10R80 4x2 RWD (2024) | Transit V363 Bus MT82 4x2 RWD (2024) | Transit V363 Chasis VMT6 4x2 RWD (2024) | Transit V363 Van 10R80 4x2 RWD (2024)
HL3Z8620A;FORD;F-150;Correa de Accesorios A/C;F-150 FHEV Platinium 4x4 (2023) | F-150 FHEV Platinium 4x4 (2024)
HU5Z9155A;FORD;Ranger;Filtro de Combustible;Ranger Raptor Auto (2023) | Ranger Raptor Auto (2024)
JB3Z8620B;FORD;Ranger;Correa de Accesorios - Bomba Ref.;Ranger XL 4x2 Man (2024) | Ranger XL 4x4 Man (2024) | Ranger XLS 4x2 Man (2024) | Ranger XLS 4x4 Man (2024) | Ranger XLT 4x2 Auto (2024) | Ranger XLT 4x4 Bi- Turbo (2024)
JL3Z6731A;FORD;Ranger;Filtro de Aceite;Ranger Limited + Auto (2024) | Ranger XLT 4x4 Auto (2024)
JL3Z8620B;FORD;F-150;Bujías de Encendido;F-150 Lariat Sport (2023) | F-150 Lariat Sport Luxury (2023) | F-150 XLT 4x4 5.0 (2023) | F-150 Lariat Sport (2024) | F-150 Lariat Sport Luxury (2024) | F-150 XLT 4x4 5.0 (2024)
JU2Z6731A;FORD;Ranger;Filtro de Aceite;Ranger XL 4x2 Man (2024) | Ranger XL 4x4 Man (2024) | Ranger XLS 4x2 Man (2024) | Ranger XLS 4x4 Man (2024) | Ranger XLT 4x2 Auto (2024) | Ranger XLT 4x4 Bi- Turbo (2024)
KK2Z8620C;FORD;Transit;Correa de Accesorios - Bomba Ref.;Transit V362 Custom Van VMT6 4x2 FWD (2023) | Transit V362 Custom Van VMT6 4x2 FWD (2024)
KL3Z19N619AA;FORD;F-150;Filtro de Cabina o Antipolen;F-150 FHEV Platinium 4x4 (2023) | F-150 Lariat Sport (2023) | F-150 Lariat Sport Luxury (2023) | F-150 Platinium 4x4 (2023) | F-150 Raptor (2023) | F-150 XLT 4x2 (2023)
KU2Z6731A;FORD;Ranger;Filtro de Aceite;Ranger Raptor Auto (2023) | Ranger Raptor Auto (2024)
KV6Z9155D;FORD;Ranger;Filtro de Combustible;Ranger Limited + Auto (2024) | Ranger XL 4x2 Man (2024) | Ranger XL 4x4 Man (2024) | Ranger XLS 4x2 Man (2024) | Ranger XLS 4x4 Man (2024) | Ranger XLT 4x2 Auto (2024)
MB3Z19N619C;FORD;Ranger;Filtro de Cabina o Antipolen;Ranger Raptor Auto (2023) | Ranger Limited + Auto (2024) | Ranger Raptor Auto (2024) | Ranger XL 4x2 Man (2024) | Ranger XL 4x4 Man (2024) | Ranger XLS 4x2 Man (2024)
MB3Z8620A;FORD;Ranger;Correa de Accesorios;Ranger Raptor Auto (2023) | Ranger Raptor Auto (2024)
MB3Z8620C;FORD;Ranger;Correa de Accesorios;Ranger XL 4x2 Man (2024) | Ranger XL 4x4 Man (2024) | Ranger XLS 4x2 Man (2024) | Ranger XLS 4x4 Man (2024) | Ranger XLT 4x2 Auto (2024) | Ranger XLT 4x4 Bi- Turbo (2024)
MB3Z8620E;FORD;Ranger;Correa de Accesorios;Ranger Limited + Auto (2024) | Ranger XLT 4x4 Auto (2024)
MB3Z9601C;FORD;Ranger;Filtro de Aire Motor;Ranger Limited + Auto (2024) | Ranger XL 4x2 Man (2024) | Ranger XL 4x4 Man (2024) | Ranger XLS 4x2 Man (2024) | Ranger XLS 4x4 Man (2024) | Ranger XLT 4x2 Auto (2024)
ML3Z8620A;FORD;F-150;Correa de Accesorios;F-150 FHEV Platinium 4x4 (2023) | F-150 FHEV Platinium 4x4 (2024)
ML3Z8620C;FORD;F-150;Correa de Accesorios A/C;F-150 Platinium 4x4 (2023) | F-150 Raptor (2023) | F-150 Platinium 4x4 (2024) | F-150 Raptor (2024)
ML3Z8620G;FORD;F-150;Correa de Accesorios;F-150 Platinium 4x4 (2023) | F-150 Raptor (2023) | F-150 Platinium 4x4 (2024) | F-150 Raptor (2024)
NB3Z9601A;FORD;Ranger;Filtro de Aire Motor;Ranger Raptor Auto (2023) | Ranger Raptor Auto (2024)
1751116000;HYUNDAI;Accent, Grand i10;GOLILLA TAPON TM;Grand i10 1.2 (BA) | Grand i10 1.0 (BA) | Grand i10 1.2 (Ai3 y Ai3 F/L) | Grand i10 1.0 (Ai3 F/L) | Accent 1.5 (BN7i)
1884310062;HYUNDAI;Grand i10;BUJÍAS;Grand i10 1.2 (Ai3 y Ai3 F/L)
1885510060;HYUNDAI;Accent;BUJIAS;Accent 1.6 (HCi)
1885810090;HYUNDAI;Accent;BUJIAS;Accent 1.4 y 1.6 (RB)
1887908030;HYUNDAI;i20;BUJIAS;i20 1.0 T-GDI (Bi3 F/L) | i20 1.0 T-GDI (Bi3)
2151311000;HYUNDAI;i20;GOLILLA CARTER;i20 1.0 T-GDI (Bi3)
2151323001;HYUNDAI;Accent, Grand i10, i20;GOLILLA CARTER;i20 1.4 (Bi3 F/L) | i20 1.0 T-GDI (Bi3 F/L) | Grand i10 1.2 (BA) | Grand i10 1.0 (BA) | i20 1.2 y 1.4 (IB) | Accent 1.4 y 1.6 (RB)
2521203050;HYUNDAI;Grand i10;CORREA ALT/DH/AA;Grand i10 1.2 (Ai3 y Ai3 F/L)
2521203200;HYUNDAI;i20;CORREA ALT/DH/AA;i20 1.2 y 1.4 (IB)
2521203980;HYUNDAI;Accent;CORREA ALT/AC;Accent 1.4 (HCi)
2521204021;HYUNDAI;Grand i10;CORREA ALT/DH/AA;Grand i10 1.2 (BA) | Grand i10 1.0 (BA) | Grand i10 1.0 (Ai3 F/L)
2521204540;HYUNDAI;i20;CORREA ALT/AC/BBA AGUA;i20 1.0 T-GDI (Bi3)
2521204580;HYUNDAI;i20;CORREA ALT/AC/BBA AGUA;i20 1.0 T-GDI (Bi3 F/L)
2521204630;HYUNDAI;i20;CORREA ALT/AC/BBA AGUA;i20 1.4 (Bi3 F/L) | i20 1.4 (Bi3)
252122A300;HYUNDAI;Accent;CORREA ALT/DH/AA;Accent (RB) 1.6 CRDI Euro V
252122B020;HYUNDAI;Accent;CORREA ALT/DH/AA;Accent 1.4 y 1.6 (RB)
252122B140;HYUNDAI;Accent;CORREA ALT/AC;Accent 1.6 (HCi)
252122M000;HYUNDAI;Accent;CORREA ALT/AC;Accent 1.5 (BN7i)
2630002503;HYUNDAI;Accent, i20;FILTRO ACEITE;i20 1.2 y 1.4 (IB) | Accent 1.4 y 1.6 (RB) | i20 1.4 (Bi3)
2630002751;HYUNDAI;Grand i10;FILTRO ACEITE;Grand i10 1.2 (BA) | Grand i10 1.0 (BA)
2630002752;HYUNDAI;Grand i10, i20;FILTRO ACEITE;i20 1.4 (Bi3 F/L) | i20 1.0 T-GDI (Bi3 F/L) | Grand i10 1.2 (Ai3 y Ai3 F/L) | i20 1.0 T-GDI (Bi3) | Grand i10 1.0 (Ai3 F/L)
2630035505;HYUNDAI;Accent;FILTRO ACEITE;Accent 1.4 (HCi) | Accent 1.6 (HCi) | Accent 1.5 (BN7i)
263202A500;HYUNDAI;Accent;FILTRO ACEITE;Accent (RB) 1.6 CRDI Euro V
281131R100;HYUNDAI;Accent;FILTRO AIRE;Accent 1.4 y 1.6 (RB) | Accent (RB) 1.6 CRDI Euro V
28113B4000;HYUNDAI;Grand i10;FILTRO AIRE;Grand i10 1.2 (BA) | Grand i10 1.0 (BA) | Grand i10 1.2 (Ai3 y Ai3 F/L) | Grand i10 1.0 (Ai3 F/L)
28113C7000;HYUNDAI;Accent, i20;FILTRO AIRE MOTOR;i20 1.4 (Bi3 F/L) | i20 1.0 T-GDI (Bi3 F/L) | i20 1.2 y 1.4 (IB) | Accent 1.4 (HCi) | Accent 1.6 (HCi) | i20 1.4 (Bi3)
311121R000;HYUNDAI;Accent, Grand i10;FILTRO COMBUSTIBLE;Grand i10 1.2 (BA) | Grand i10 1.0 (BA) | Accent 1.4 y 1.6 (RB) | Grand i10 1.2 (Ai3 y Ai3 F/L) | Grand i10 1.0 (Ai3 F/L)
31112C0000;HYUNDAI;i20;FILTRO COMBUSTIBLE;i20 1.0 T-GDI (Bi3 F/L)
31112C7000;HYUNDAI;i20;FILTRO COMBUSTIBLE;i20 1.2 y 1.4 (IB)
31112F9000;HYUNDAI;Accent, i20;FILTRO COMBUSTIBLE;i20 1.4 (Bi3 F/L) | Accent 1.4 (HCi) | Accent 1.6 (HCi) | Accent 1.5 (BN7i)
31113K3000;HYUNDAI;i20;FILTRO COMBUSTIBLE;i20 1.4 (Bi3) | i20 1.0 T-GDI (Bi3)
319224H001;HYUNDAI;Accent;FILTRO COMBUSTIBLE;Accent (RB) 1.6 CRDI Euro V
9713307010;HYUNDAI;Grand i10;FILTRO POLEN;Grand i10 1.2 (BA) | Grand i10 1.0 (BA)
971331S000;HYUNDAI;i20;FILTRO POLEN;i20 1.2 y 1.4 (IB)
971332E210;HYUNDAI;Accent;FILTRO POLEN;Accent 1.4 y 1.6 (RB)
